<?xml version="1.0" encoding="utf-8"?>
<!--/1399982/1207170/2.50/2/4/Connector/-->
<quadcept_library>
  <setting unit="mil" />
  <textstyle name="Default" height="47.244094488189" strokewidth="7.8740157480315" charwidth="47.244094488189" />
  <textstyle name="Dimension" height="19.6850393700787" strokewidth="0" charwidth="19.6850393700787" />
  <textstyle name="H127W0635TH00762" height="50" strokewidth="3" charwidth="25" />
  <textstyle name="H15W15TH02" height="59.0551181102362" strokewidth="7.8740157480315" charwidth="59.0551181102362" />
  <padstyle name="r100_55" surface="True" plated="False" isvia="False" nopaste="False" nomask="True" complex="False" holesize="0">
    <padshape layer="TOP" shape="rectangle" width="21.653543307086" height="39.370078740157" />
    <padshape layer="TOP_SOLDER_MASK" shape="rectangle" width="29.527559055118" height="47.244094488188" />
    <padshape layer="TOP_SOLDER_PASTE" shape="rectangle" width="21.653543307086" height="39.370078740157" />
  </padstyle>
  <padstyle name="r125_100" surface="True" plated="False" isvia="False" nopaste="False" nomask="True" complex="False" holesize="0">
    <padshape layer="TOP" shape="rectangle" width="39.370078740157" height="49.212598425196" />
    <padshape layer="TOP_SOLDER_MASK" shape="rectangle" width="47.244094488188" height="57.086614173228" />
    <padshape layer="TOP_SOLDER_PASTE" shape="rectangle" width="39.370078740157" height="49.212598425196" />
  </padstyle>
  <footprint name="S722145R" originx="0" originy="0" pickpointx="0" pickpointy="0">
    <pcbpin number="1" name="1" style="r100_55" originx="-39.370078740157" originy="0" rotation="0" />
    <pcbpin number="2" name="2" style="r125_100" originx="13.779527559055" originy="0" rotation="90" />
    <line layer="TOP_ASSEMBLY" originx="-51.181102362204" originy="-19.685039370078" endx="51.181102362204" endy="-19.685039370078" width="7.8740157480314" />
    <line layer="TOP_ASSEMBLY" originx="51.181102362204" originy="-19.685039370078" endx="51.181102362204" endy="19.685039370078" width="7.8740157480314" />
    <line layer="TOP_ASSEMBLY" originx="51.181102362204" originy="19.685039370078" endx="-51.181102362204" endy="19.685039370078" width="7.8740157480314" />
    <line layer="TOP_ASSEMBLY" originx="-51.181102362204" originy="19.685039370078" endx="-51.181102362204" endy="-19.685039370078" width="7.8740157480314" />
    <line layer="TOP_PLACE_BOUND" originx="-125.9842519685" originy="59.055118110235" endx="90.551181102361" endy="59.055118110235" width="3.9370078740157" />
    <line layer="TOP_PLACE_BOUND" originx="90.551181102361" originy="59.055118110235" endx="90.551181102361" endy="-59.055118110235" width="3.9370078740157" />
    <line layer="TOP_PLACE_BOUND" originx="90.551181102361" originy="-59.055118110235" endx="-125.9842519685" endy="-59.055118110235" width="3.9370078740157" />
    <line layer="TOP_PLACE_BOUND" originx="-125.9842519685" originy="-59.055118110235" endx="-125.9842519685" endy="59.055118110235" width="3.9370078740157" />
    <line layer="TOP_SILKSCREEN" originx="-86.614173228345" originy="0" endx="-86.614173228345" endy="0" width="7.8740157480314" />
    <arc layer="TOP_SILKSCREEN" originx="-84.645669291338" originy="0" startangle="180.0" sweepangle="180.0" radius="1.9685039370079" width="7.8740157480314" />
    <line layer="TOP_SILKSCREEN" originx="-82.67716535433" originy="0" endx="-82.67716535433" endy="0" width="7.8740157480314" />
    <arc layer="TOP_SILKSCREEN" originx="-84.645669291338" originy="0" startangle=".0" sweepangle="180.0" radius="1.9685039370079" width="7.8740157480314" />
    <line layer="TOP_SILKSCREEN" originx="-86.614173228345" originy="0" endx="-86.614173228345" endy="0" width="7.8740157480314" />
    <arc layer="TOP_SILKSCREEN" originx="-84.645669291338" originy="0" startangle="180.0" sweepangle="180.0" radius="1.9685039370079" width="7.8740157480314" />
  </footprint>
  <symbol name="S7221-45R" originx="0" originy="0">
    <line originx="200" originy="100" endx="600" endy="100" width="0" />
    <line originx="600" originy="-200" endx="600" endy="100" width="0" />
    <line originx="600" originy="-200" endx="200" endy="-200" width="0" />
    <line originx="200" originy="100" endx="200" endy="-200" width="0" />
    <sympin number="1" originx="200" originy="0" rotation="180" length="100" width="7.8740157480315" flipped="False">
      <text name="pinname" originx="230" originy="0" style="Default" rotation="0" justify="left" flipped="False" hidden="False" data="1" />
      <text name="pindes" originx="140" originy="20" style="Default" rotation="0" justify="lowerright" flipped="False" hidden="False" data="1" />
    </sympin>
    <sympin number="2" originx="200" originy="-100" rotation="180" length="100" width="7.8740157480315" flipped="False">
      <text name="pinname" originx="230" originy="-100" style="Default" rotation="0" justify="left" flipped="False" hidden="False" data="2" />
      <text name="pindes" originx="140" originy="-80" style="Default" rotation="0" justify="lowerright" flipped="False" hidden="False" data="2" />
    </sympin>
  </symbol>
  <component name="S7221-45R" designatorprefix="J" height="48.425196850393" footprint="S722145R">
    <comppin designator="1" sympin="1" pinswap="0" gateswap="0" gate="1" group="1" side="" type="Any" name="1" />
    <comppin designator="2" sympin="2" pinswap="0" gateswap="0" gate="1" group="1" side="" type="Any" name="2" />
    <attached_symbol gate="1" name="S7221-45R" />
    <pinmap designator="1" footprintpin="1" />
    <pinmap designator="2" footprintpin="2" />
    <text name="Datasheet" originx="0" originy="0" style="Default" rotation="0" justify="" flipped="False" hidden="True" data="https://cdn.harwin.com/pdfs/S7221-45R.pdf" />
    <text name="Description" originx="0" originy="0" style="Default" rotation="0" justify="" flipped="False" hidden="True" data="EMI Gaskets, Sheets, Absorbers &amp; Shielding EMC Spring Contact 1.23mm high" />
    <text name="Mouser Part Number" originx="0" originy="0" style="Default" rotation="0" justify="" flipped="False" hidden="True" data="855-S7221-45R" />
    <text name="Mouser Price/Stock" originx="0" originy="0" style="Default" rotation="0" justify="" flipped="False" hidden="True" data="https://www.mouser.co.uk/ProductDetail/Harwin/S7221-45R?qs=pffCcXpkxLxI%252B2oy4ryQHw%3D%3D" />
    <text name="Manufacturer_Name" originx="0" originy="0" style="Default" rotation="0" justify="" flipped="False" hidden="True" data="Harwin" />
    <text name="Manufacturer_Part_Number" originx="650" originy="200" style="Default" rotation="0" justify="left" flipped="False" hidden="False" data="S7221-45R" />
  </component>
</quadcept_library>
