<?xml version="1.0" encoding="utf-8"?>
<!--/17072505/1207170/2.50/8/3/Integrated Circuit/-->
<quadcept_library>
  <setting unit="mil" />
  <textstyle name="Default" height="47.244094488189" strokewidth="7.8740157480315" charwidth="47.244094488189" />
  <textstyle name="Dimension" height="19.6850393700787" strokewidth="0" charwidth="19.6850393700787" />
  <textstyle name="H127W0635TH00762" height="50" strokewidth="3" charwidth="25" />
  <textstyle name="H15W15TH02" height="59.0551181102362" strokewidth="7.8740157480315" charwidth="59.0551181102362" />
  <padstyle name="c22.6" surface="True" plated="False" isvia="False" nopaste="False" nomask="True" complex="False" holesize="0">
    <padshape layer="TOP" shape="round" width="8.8976377952755" height="8.8976377952755" />
    <padshape layer="TOP_SOLDER_MASK" shape="round" width="16.771653543307" height="16.771653543307" />
    <padshape layer="TOP_SOLDER_PASTE" shape="round" width="8.8976377952755" height="8.8976377952755" />
  </padstyle>
  <footprint name="BGA8C50P2X4_89X189X50" originx="0" originy="0" pickpointx="0" pickpointy="0">
    <pcbpin number="1" name="A1" style="c22.6" originx="-9.8425196850392" originy="29.527559055118" rotation="90" />
    <pcbpin number="2" name="A2" style="c22.6" originx="9.8425196850392" originy="29.527559055118" rotation="90" />
    <pcbpin number="3" name="B1" style="c22.6" originx="-9.8425196850392" originy="9.8425196850392" rotation="90" />
    <pcbpin number="4" name="B2" style="c22.6" originx="9.8425196850392" originy="9.8425196850392" rotation="90" />
    <pcbpin number="5" name="C1" style="c22.6" originx="-9.8425196850392" originy="-9.8425196850392" rotation="90" />
    <pcbpin number="6" name="C2" style="c22.6" originx="9.8425196850392" originy="-9.8425196850392" rotation="90" />
    <pcbpin number="7" name="D1" style="c22.6" originx="-9.8425196850392" originy="-29.527559055118" rotation="90" />
    <pcbpin number="8" name="D2" style="c22.6" originx="9.8425196850392" originy="-29.527559055118" rotation="90" />
    <line layer="TOP_PLACE_BOUND" originx="-37.755905511811" originy="57.440944881889" endx="37.755905511811" endy="57.440944881889" width="1.9685039370079" />
    <line layer="TOP_PLACE_BOUND" originx="37.755905511811" originy="57.440944881889" endx="37.755905511811" endy="-57.440944881889" width="1.9685039370079" />
    <line layer="TOP_PLACE_BOUND" originx="37.755905511811" originy="-57.440944881889" endx="-37.755905511811" endy="-57.440944881889" width="1.9685039370079" />
    <line layer="TOP_PLACE_BOUND" originx="-37.755905511811" originy="-57.440944881889" endx="-37.755905511811" endy="57.440944881889" width="1.9685039370079" />
    <line layer="TOP_ASSEMBLY" originx="-17.48031496063" originy="37.165354330708" endx="17.48031496063" endy="37.165354330708" width="3.9370078740157" />
    <line layer="TOP_ASSEMBLY" originx="17.48031496063" originy="37.165354330708" endx="17.48031496063" endy="-37.165354330708" width="3.9370078740157" />
    <line layer="TOP_ASSEMBLY" originx="17.48031496063" originy="-37.165354330708" endx="-17.48031496063" endy="-37.165354330708" width="3.9370078740157" />
    <line layer="TOP_ASSEMBLY" originx="-17.48031496063" originy="-37.165354330708" endx="-17.48031496063" endy="37.165354330708" width="3.9370078740157" />
    <line layer="TOP_ASSEMBLY" originx="-17.48031496063" originy="18.267716535433" endx="1.4173228346457" endy="37.165354330708" width="3.9370078740157" />
    <line layer="TOP_SILKSCREEN" originx="-9.8425196850392" originy="47.75590551181" endx="28.070866141732" endy="47.75590551181" width="7.8740157480314" />
    <line layer="TOP_SILKSCREEN" originx="28.070866141732" originy="47.75590551181" endx="28.070866141732" endy="-47.75590551181" width="7.8740157480314" />
    <line layer="TOP_SILKSCREEN" originx="28.070866141732" originy="-47.75590551181" endx="-28.070866141732" endy="-47.75590551181" width="7.8740157480314" />
    <line layer="TOP_SILKSCREEN" originx="-28.070866141732" originy="-47.75590551181" endx="-28.070866141732" endy="29.527559055118" width="7.8740157480314" />
    <line layer="TOP_SILKSCREEN" originx="-28.070866141732" originy="29.527559055118" endx="-9.8425196850392" endy="47.75590551181" width="7.8740157480314" />
    <arc layer="TOP_SILKSCREEN" originx="-28.070866141732" originy="47.75590551181" startangle="180" sweepangle="180" radius="3.9370078740157" width="7.8740157480314" />
    <arc layer="TOP_SILKSCREEN" originx="-28.070866141732" originy="47.75590551181" startangle="180" sweepangle="-180" radius="3.9370078740157" width="7.8740157480314" />
  </footprint>
  <symbol name="SN74LVC3G04YZPR" originx="0" originy="0">
    <line originx="200" originy="100" endx="800" endy="100" width="0" />
    <line originx="800" originy="-400" endx="800" endy="100" width="0" />
    <line originx="800" originy="-400" endx="200" endy="-400" width="0" />
    <line originx="200" originy="100" endx="200" endy="-400" width="0" />
    <sympin number="1" originx="200" originy="0" rotation="180" length="100" width="7.8740157480315" flipped="False">
      <text name="pinname" originx="230" originy="0" style="Default" rotation="0" justify="left" flipped="False" hidden="False" data="1A" />
      <text name="pindes" originx="140" originy="20" style="Default" rotation="0" justify="lowerright" flipped="False" hidden="False" data="A1" />
    </sympin>
    <sympin number="2" originx="200" originy="-100" rotation="180" length="100" width="7.8740157480315" flipped="False">
      <text name="pinname" originx="230" originy="-100" style="Default" rotation="0" justify="left" flipped="False" hidden="False" data="VCC" />
      <text name="pindes" originx="140" originy="-80" style="Default" rotation="0" justify="lowerright" flipped="False" hidden="False" data="A2" />
    </sympin>
    <sympin number="3" originx="200" originy="-200" rotation="180" length="100" width="7.8740157480315" flipped="False">
      <text name="pinname" originx="230" originy="-200" style="Default" rotation="0" justify="left" flipped="False" hidden="False" data="3Y" />
      <text name="pindes" originx="140" originy="-180" style="Default" rotation="0" justify="lowerright" flipped="False" hidden="False" data="B1" />
    </sympin>
    <sympin number="4" originx="200" originy="-300" rotation="180" length="100" width="7.8740157480315" flipped="False">
      <text name="pinname" originx="230" originy="-300" style="Default" rotation="0" justify="left" flipped="False" hidden="False" data="1Y" />
      <text name="pindes" originx="140" originy="-280" style="Default" rotation="0" justify="lowerright" flipped="False" hidden="False" data="B2" />
    </sympin>
    <sympin number="5" originx="800" originy="0" rotation="0" length="100" width="7.8740157480315" flipped="False">
      <text name="pinname" originx="770" originy="0" style="Default" rotation="0" justify="right" flipped="False" hidden="False" data="2A" />
      <text name="pindes" originx="860" originy="20" style="Default" rotation="0" justify="lowerleft" flipped="False" hidden="False" data="C1" />
    </sympin>
    <sympin number="6" originx="800" originy="-100" rotation="0" length="100" width="7.8740157480315" flipped="False">
      <text name="pinname" originx="770" originy="-100" style="Default" rotation="0" justify="right" flipped="False" hidden="False" data="3A" />
      <text name="pindes" originx="860" originy="-80" style="Default" rotation="0" justify="lowerleft" flipped="False" hidden="False" data="C2" />
    </sympin>
    <sympin number="7" originx="800" originy="-200" rotation="0" length="100" width="7.8740157480315" flipped="False">
      <text name="pinname" originx="770" originy="-200" style="Default" rotation="0" justify="right" flipped="False" hidden="False" data="GND" />
      <text name="pindes" originx="860" originy="-180" style="Default" rotation="0" justify="lowerleft" flipped="False" hidden="False" data="D1" />
    </sympin>
    <sympin number="8" originx="800" originy="-300" rotation="0" length="100" width="7.8740157480315" flipped="False">
      <text name="pinname" originx="770" originy="-300" style="Default" rotation="0" justify="right" flipped="False" hidden="False" data="2Y" />
      <text name="pindes" originx="860" originy="-280" style="Default" rotation="0" justify="lowerleft" flipped="False" hidden="False" data="D2" />
    </sympin>
  </symbol>
  <component name="SN74LVC3G04YZPR" designatorprefix="IC" height="19.685039370078" footprint="BGA8C50P2X4_89X189X50">
    <comppin designator="A1" sympin="1" pinswap="0" gateswap="0" gate="1" group="1" side="" type="Any" name="1A" />
    <comppin designator="A2" sympin="2" pinswap="0" gateswap="0" gate="1" group="1" side="" type="Any" name="VCC" />
    <comppin designator="B1" sympin="3" pinswap="0" gateswap="0" gate="1" group="1" side="" type="Any" name="3Y" />
    <comppin designator="B2" sympin="4" pinswap="0" gateswap="0" gate="1" group="1" side="" type="Any" name="1Y" />
    <comppin designator="C1" sympin="5" pinswap="0" gateswap="0" gate="1" group="1" side="" type="Any" name="2A" />
    <comppin designator="C2" sympin="6" pinswap="0" gateswap="0" gate="1" group="1" side="" type="Any" name="3A" />
    <comppin designator="D1" sympin="7" pinswap="0" gateswap="0" gate="1" group="1" side="" type="Any" name="GND" />
    <comppin designator="D2" sympin="8" pinswap="0" gateswap="0" gate="1" group="1" side="" type="Any" name="2Y" />
    <attached_symbol gate="1" name="SN74LVC3G04YZPR" />
    <pinmap designator="A1" footprintpin="1" />
    <pinmap designator="A2" footprintpin="2" />
    <pinmap designator="B1" footprintpin="3" />
    <pinmap designator="B2" footprintpin="4" />
    <pinmap designator="C1" footprintpin="5" />
    <pinmap designator="C2" footprintpin="6" />
    <pinmap designator="D1" footprintpin="7" />
    <pinmap designator="D2" footprintpin="8" />
    <text name="Datasheet" originx="0" originy="0" style="Default" rotation="0" justify="" flipped="False" hidden="True" data="https://www.ti.com/lit/ds/symlink/sn74lvc3g04.pdf?HQS=dis-dk-null-digikeymode-dsf-pf-null-wwe&amp;ts=1683639946467&amp;ref_url=https%3A%2F%2Fwww.ti.com%2Fgeneral%2Fdocs%2Fsuppproductinfo.tsp%3FdistId%3D10%26gotoUrl%3Dhttps%3A%2F%2Fwww.ti" />
    <text name="Description" originx="0" originy="0" style="Default" rotation="0" justify="" flipped="False" hidden="True" data="Inverters TRIPLE INVERTER GATE" />
    <text name="Mouser Part Number" originx="0" originy="0" style="Default" rotation="0" justify="" flipped="False" hidden="True" data="595-SN74LVC3G04YZPR" />
    <text name="Mouser Price/Stock" originx="0" originy="0" style="Default" rotation="0" justify="" flipped="False" hidden="True" data="https://www.mouser.co.uk/ProductDetail/Texas-Instruments/SN74LVC3G04YZPR?qs=dT9u2OTAaVWej14EwaP%252BOQ%3D%3D" />
    <text name="Manufacturer_Name" originx="0" originy="0" style="Default" rotation="0" justify="" flipped="False" hidden="True" data="Texas Instruments" />
    <text name="Manufacturer_Part_Number" originx="850" originy="200" style="Default" rotation="0" justify="left" flipped="False" hidden="False" data="SN74LVC3G04YZPR" />
  </component>
</quadcept_library>
