<?xml version="1.0" encoding="utf-8"?>
<!--/16537068/1207170/2.50/12/3/Integrated Circuit/-->
<quadcept_library>
  <setting unit="mil" />
  <textstyle name="Default" height="47.244094488189" strokewidth="7.8740157480315" charwidth="47.244094488189" />
  <textstyle name="Dimension" height="19.6850393700787" strokewidth="0" charwidth="19.6850393700787" />
  <textstyle name="H127W0635TH00762" height="50" strokewidth="3" charwidth="25" />
  <textstyle name="H15W15TH02" height="59.0551181102362" strokewidth="7.8740157480315" charwidth="59.0551181102362" />
  <padstyle name="c16.9" surface="True" plated="False" isvia="False" nopaste="False" nomask="True" complex="False" holesize="0">
    <padshape layer="TOP" shape="round" width="6.6535433070865" height="6.6535433070865" />
    <padshape layer="TOP_SOLDER_MASK" shape="round" width="14.527559055118" height="14.527559055118" />
    <padshape layer="TOP_SOLDER_PASTE" shape="round" width="6.6535433070865" height="6.6535433070865" />
  </padstyle>
  <footprint name="BGA12C35P3X4_111X146X35" originx="0" originy="0" pickpointx="0" pickpointy="0">
    <pcbpin number="1" name="A1" style="c16.9" originx="-13.779527559055" originy="20.669291338582" rotation="90" />
    <pcbpin number="2" name="A2" style="c16.9" originx="0" originy="20.669291338582" rotation="90" />
    <pcbpin number="3" name="A3" style="c16.9" originx="13.779527559055" originy="20.669291338582" rotation="90" />
    <pcbpin number="4" name="B1" style="c16.9" originx="-13.779527559055" originy="6.8897637795275" rotation="90" />
    <pcbpin number="5" name="B2" style="c16.9" originx="0" originy="6.8897637795275" rotation="90" />
    <pcbpin number="6" name="B3" style="c16.9" originx="13.779527559055" originy="6.8897637795275" rotation="90" />
    <pcbpin number="7" name="C1" style="c16.9" originx="-13.779527559055" originy="-6.8897637795275" rotation="90" />
    <pcbpin number="8" name="C2" style="c16.9" originx="0" originy="-6.8897637795275" rotation="90" />
    <pcbpin number="9" name="C3" style="c16.9" originx="13.779527559055" originy="-6.8897637795275" rotation="90" />
    <pcbpin number="10" name="D1" style="c16.9" originx="-13.779527559055" originy="-20.669291338582" rotation="90" />
    <pcbpin number="11" name="D2" style="c16.9" originx="0" originy="-20.669291338582" rotation="90" />
    <pcbpin number="12" name="D3" style="c16.9" originx="13.779527559055" originy="-20.669291338582" rotation="90" />
    <line layer="TOP_PLACE_BOUND" originx="-42.125984251968" originy="49.015748031495" endx="42.125984251968" endy="49.015748031495" width="1.9685039370079" />
    <line layer="TOP_PLACE_BOUND" originx="42.125984251968" originy="49.015748031495" endx="42.125984251968" endy="-49.015748031495" width="1.9685039370079" />
    <line layer="TOP_PLACE_BOUND" originx="42.125984251968" originy="-49.015748031495" endx="-42.125984251968" endy="-49.015748031495" width="1.9685039370079" />
    <line layer="TOP_PLACE_BOUND" originx="-42.125984251968" originy="-49.015748031495" endx="-42.125984251968" endy="49.015748031495" width="1.9685039370079" />
    <line layer="TOP_ASSEMBLY" originx="-21.850393700787" originy="28.740157480315" endx="21.850393700787" endy="28.740157480315" width="3.9370078740157" />
    <line layer="TOP_ASSEMBLY" originx="21.850393700787" originy="28.740157480315" endx="21.850393700787" endy="-28.740157480315" width="3.9370078740157" />
    <line layer="TOP_ASSEMBLY" originx="21.850393700787" originy="-28.740157480315" endx="-21.850393700787" endy="-28.740157480315" width="3.9370078740157" />
    <line layer="TOP_ASSEMBLY" originx="-21.850393700787" originy="-28.740157480315" endx="-21.850393700787" endy="28.740157480315" width="3.9370078740157" />
    <line layer="TOP_ASSEMBLY" originx="-21.850393700787" originy="14.094488188976" endx="-7.2047244094487" endy="28.740157480315" width="3.9370078740157" />
    <line layer="TOP_SILKSCREEN" originx="-13.779527559055" originy="37.755905511811" endx="30.866141732283" endy="37.755905511811" width="7.8740157480314" />
    <line layer="TOP_SILKSCREEN" originx="30.866141732283" originy="37.755905511811" endx="30.866141732283" endy="-37.795275590551" width="7.8740157480314" />
    <line layer="TOP_SILKSCREEN" originx="30.866141732283" originy="-37.795275590551" endx="-30.905511811023" endy="-37.795275590551" width="7.8740157480314" />
    <line layer="TOP_SILKSCREEN" originx="-30.905511811023" originy="-37.795275590551" endx="-30.905511811023" endy="20.629921259842" width="7.8740157480314" />
    <line layer="TOP_SILKSCREEN" originx="-30.905511811023" originy="20.629921259842" endx="-13.818897637795" endy="37.71653543307" width="7.8740157480314" />
    <arc layer="TOP_SILKSCREEN" originx="-30.866141732283" originy="37.755905511811" startangle="180" sweepangle="180" radius="3.9370078740157" width="7.8740157480314" />
    <arc layer="TOP_SILKSCREEN" originx="-30.866141732283" originy="37.755905511811" startangle="180" sweepangle="-180" radius="3.9370078740157" width="7.8740157480314" />
  </footprint>
  <symbol name="TPS63901YCJR" originx="0" originy="0">
    <line originx="200" originy="100" endx="1100" endy="100" width="0" />
    <line originx="1100" originy="-600" endx="1100" endy="100" width="0" />
    <line originx="1100" originy="-600" endx="200" endy="-600" width="0" />
    <line originx="200" originy="100" endx="200" endy="-600" width="0" />
    <sympin number="1" originx="200" originy="0" rotation="180" length="100" width="7.8740157480315" flipped="False">
      <text name="pinname" originx="230" originy="0" style="Default" rotation="0" justify="left" flipped="False" hidden="False" data="LX1" />
      <text name="pindes" originx="140" originy="20" style="Default" rotation="0" justify="lowerright" flipped="False" hidden="False" data="A1" />
    </sympin>
    <sympin number="2" originx="200" originy="-100" rotation="180" length="100" width="7.8740157480315" flipped="False">
      <text name="pinname" originx="230" originy="-100" style="Default" rotation="0" justify="left" flipped="False" hidden="False" data="VIN" />
      <text name="pindes" originx="140" originy="-80" style="Default" rotation="0" justify="lowerright" flipped="False" hidden="False" data="A2" />
    </sympin>
    <sympin number="3" originx="200" originy="-200" rotation="180" length="100" width="7.8740157480315" flipped="False">
      <text name="pinname" originx="230" originy="-200" style="Default" rotation="0" justify="left" flipped="False" hidden="False" data="EN" />
      <text name="pindes" originx="140" originy="-180" style="Default" rotation="0" justify="lowerright" flipped="False" hidden="False" data="A3" />
    </sympin>
    <sympin number="4" originx="200" originy="-300" rotation="180" length="100" width="7.8740157480315" flipped="False">
      <text name="pinname" originx="230" originy="-300" style="Default" rotation="0" justify="left" flipped="False" hidden="False" data="GND_1" />
      <text name="pindes" originx="140" originy="-280" style="Default" rotation="0" justify="lowerright" flipped="False" hidden="False" data="B1" />
    </sympin>
    <sympin number="5" originx="200" originy="-400" rotation="180" length="100" width="7.8740157480315" flipped="False">
      <text name="pinname" originx="230" originy="-400" style="Default" rotation="0" justify="left" flipped="False" hidden="False" data="CFG1" />
      <text name="pindes" originx="140" originy="-380" style="Default" rotation="0" justify="lowerright" flipped="False" hidden="False" data="B2" />
    </sympin>
    <sympin number="6" originx="200" originy="-500" rotation="180" length="100" width="7.8740157480315" flipped="False">
      <text name="pinname" originx="230" originy="-500" style="Default" rotation="0" justify="left" flipped="False" hidden="False" data="SEL" />
      <text name="pindes" originx="140" originy="-480" style="Default" rotation="0" justify="lowerright" flipped="False" hidden="False" data="B3" />
    </sympin>
    <sympin number="7" originx="1100" originy="0" rotation="0" length="100" width="7.8740157480315" flipped="False">
      <text name="pinname" originx="1070" originy="0" style="Default" rotation="0" justify="right" flipped="False" hidden="False" data="GND_2" />
      <text name="pindes" originx="1160" originy="20" style="Default" rotation="0" justify="lowerleft" flipped="False" hidden="False" data="C1" />
    </sympin>
    <sympin number="8" originx="1100" originy="-100" rotation="0" length="100" width="7.8740157480315" flipped="False">
      <text name="pinname" originx="1070" originy="-100" style="Default" rotation="0" justify="right" flipped="False" hidden="False" data="VOUT_1" />
      <text name="pindes" originx="1160" originy="-80" style="Default" rotation="0" justify="lowerleft" flipped="False" hidden="False" data="C2" />
    </sympin>
    <sympin number="9" originx="1100" originy="-200" rotation="0" length="100" width="7.8740157480315" flipped="False">
      <text name="pinname" originx="1070" originy="-200" style="Default" rotation="0" justify="right" flipped="False" hidden="False" data="CFG2" />
      <text name="pindes" originx="1160" originy="-180" style="Default" rotation="0" justify="lowerleft" flipped="False" hidden="False" data="C3" />
    </sympin>
    <sympin number="10" originx="1100" originy="-300" rotation="0" length="100" width="7.8740157480315" flipped="False">
      <text name="pinname" originx="1070" originy="-300" style="Default" rotation="0" justify="right" flipped="False" hidden="False" data="LX2" />
      <text name="pindes" originx="1160" originy="-280" style="Default" rotation="0" justify="lowerleft" flipped="False" hidden="False" data="D1" />
    </sympin>
    <sympin number="11" originx="1100" originy="-400" rotation="0" length="100" width="7.8740157480315" flipped="False">
      <text name="pinname" originx="1070" originy="-400" style="Default" rotation="0" justify="right" flipped="False" hidden="False" data="VOUT_2" />
      <text name="pindes" originx="1160" originy="-380" style="Default" rotation="0" justify="lowerleft" flipped="False" hidden="False" data="D2" />
    </sympin>
    <sympin number="12" originx="1100" originy="-500" rotation="0" length="100" width="7.8740157480315" flipped="False">
      <text name="pinname" originx="1070" originy="-500" style="Default" rotation="0" justify="right" flipped="False" hidden="False" data="CFG3" />
      <text name="pindes" originx="1160" originy="-480" style="Default" rotation="0" justify="lowerleft" flipped="False" hidden="False" data="D3" />
    </sympin>
  </symbol>
  <component name="TPS63901YCJR" designatorprefix="IC" height="13.779527559055" footprint="BGA12C35P3X4_111X146X35">
    <comppin designator="A1" sympin="1" pinswap="0" gateswap="0" gate="1" group="1" side="" type="Any" name="LX1" />
    <comppin designator="A2" sympin="2" pinswap="0" gateswap="0" gate="1" group="1" side="" type="Any" name="VIN" />
    <comppin designator="A3" sympin="3" pinswap="0" gateswap="0" gate="1" group="1" side="" type="Any" name="EN" />
    <comppin designator="B1" sympin="4" pinswap="0" gateswap="0" gate="1" group="1" side="" type="Any" name="GND_1" />
    <comppin designator="B2" sympin="5" pinswap="0" gateswap="0" gate="1" group="1" side="" type="Any" name="CFG1" />
    <comppin designator="B3" sympin="6" pinswap="0" gateswap="0" gate="1" group="1" side="" type="Any" name="SEL" />
    <comppin designator="C1" sympin="7" pinswap="0" gateswap="0" gate="1" group="1" side="" type="Any" name="GND_2" />
    <comppin designator="C2" sympin="8" pinswap="0" gateswap="0" gate="1" group="1" side="" type="Any" name="VOUT_1" />
    <comppin designator="C3" sympin="9" pinswap="0" gateswap="0" gate="1" group="1" side="" type="Any" name="CFG2" />
    <comppin designator="D1" sympin="10" pinswap="0" gateswap="0" gate="1" group="1" side="" type="Any" name="LX2" />
    <comppin designator="D2" sympin="11" pinswap="0" gateswap="0" gate="1" group="1" side="" type="Any" name="VOUT_2" />
    <comppin designator="D3" sympin="12" pinswap="0" gateswap="0" gate="1" group="1" side="" type="Any" name="CFG3" />
    <attached_symbol gate="1" name="TPS63901YCJR" />
    <pinmap designator="A1" footprintpin="1" />
    <pinmap designator="A2" footprintpin="2" />
    <pinmap designator="A3" footprintpin="3" />
    <pinmap designator="B1" footprintpin="4" />
    <pinmap designator="B2" footprintpin="5" />
    <pinmap designator="B3" footprintpin="6" />
    <pinmap designator="C1" footprintpin="7" />
    <pinmap designator="C2" footprintpin="8" />
    <pinmap designator="C3" footprintpin="9" />
    <pinmap designator="D1" footprintpin="10" />
    <pinmap designator="D2" footprintpin="11" />
    <pinmap designator="D3" footprintpin="12" />
    <text name="Datasheet" originx="0" originy="0" style="Default" rotation="0" justify="" flipped="False" hidden="True" data="https://www.ti.com/lit/ds/symlink/tps63901.pdf?ts=1658737279065&amp;ref_url=https%3A%2F%2Fwww.ti.com%2Fproduct%2FTPS63901%3FkeyMatch%3DTPS63901YCJR%26tisearch%3Dsearch-everything%26usecase%3DOPN" />
    <text name="Description" originx="0" originy="0" style="Default" rotation="0" justify="" flipped="False" hidden="True" data="5.5-V buck-boost converter with 75-nA operating IQ in WCSP package" />
    <text name="Mouser Part Number" originx="0" originy="0" style="Default" rotation="0" justify="" flipped="False" hidden="True" data="595-TPS63901YCJR" />
    <text name="Mouser Price/Stock" originx="0" originy="0" style="Default" rotation="0" justify="" flipped="False" hidden="True" data="https://www.mouser.co.uk/ProductDetail/Texas-Instruments/TPS63901YCJR?qs=vvQtp7zwQdNZy3FE2e2hqg%3D%3D" />
    <text name="Manufacturer_Name" originx="0" originy="0" style="Default" rotation="0" justify="" flipped="False" hidden="True" data="Texas Instruments" />
    <text name="Manufacturer_Part_Number" originx="1150" originy="200" style="Default" rotation="0" justify="left" flipped="False" hidden="False" data="TPS63901YCJR" />
  </component>
</quadcept_library>
